id,Tg,FFV,Tc,Density,Rg
1109053969,156.21510350672798,0.37755837724085467,0.18661796541612297,1.2302274395654877,19.542464578868863
1422188626,181.97868780943458,0.3837618037161617,0.2269907142170689,1.1581250533890168,20.946589882656443
2032016830,78.64421191081804,0.3521322578728796,0.25753146479603983,1.0894333380555956,17.601109747853723
